{"nodes":{"node:200":{"location":{"x":20190,"y":30}},"node:204":{"location":{"x":19850,"y":28}}},"selection":null,"view":{"scroll":{"x":14693.1767578125,"y":-178.498779296875},"zoom":0.749999940395355225}}